gtfs_route_id,otp_value
Blue,0.950699004
Green,0.781673
Orange,0.917734656
Red,0.903901543
