gtfs_route_id,name,numerator,denominator
741,SL1,582.6179305,725.611437
742,SL2,318.2885583,379.1204946
743,SL3,723.7273802,898.0127144
749,SL5,1125.152912,1406.510892
751,SL4,650.1269376,811.0368664
